-- MySQL dump 10.13  Distrib 8.0.19-10, for Linux (x86_64)
--
-- Host: 127.0.0.1    Database: oauth_test
-- ------------------------------------------------------
-- Server version	8.0.19-10

/*!40101 SET @OLD_CHARACTER_SET_CLIENT=@@CHARACTER_SET_CLIENT */;
/*!40101 SET @OLD_CHARACTER_SET_RESULTS=@@CHARACTER_SET_RESULTS */;
/*!40101 SET @OLD_COLLATION_CONNECTION=@@COLLATION_CONNECTION */;
/*!50503 SET NAMES utf8mb4 */;
/*!40103 SET @OLD_TIME_ZONE=@@TIME_ZONE */;
/*!40103 SET TIME_ZONE='+00:00' */;
/*!40014 SET @OLD_UNIQUE_CHECKS=@@UNIQUE_CHECKS, UNIQUE_CHECKS=0 */;
/*!40014 SET @OLD_FOREIGN_KEY_CHECKS=@@FOREIGN_KEY_CHECKS, FOREIGN_KEY_CHECKS=0 */;
/*!40101 SET @OLD_SQL_MODE=@@SQL_MODE, SQL_MODE='NO_AUTO_VALUE_ON_ZERO' */;
/*!40111 SET @OLD_SQL_NOTES=@@SQL_NOTES, SQL_NOTES=0 */;
/*!50717 SELECT COUNT(*) INTO @rocksdb_has_p_s_session_variables FROM INFORMATION_SCHEMA.TABLES WHERE TABLE_SCHEMA = 'performance_schema' AND TABLE_NAME = 'session_variables' */;
/*!50717 SET @rocksdb_get_is_supported = IF (@rocksdb_has_p_s_session_variables, 'SELECT COUNT(*) INTO @rocksdb_is_supported FROM performance_schema.session_variables WHERE VARIABLE_NAME=\'rocksdb_bulk_load\'', 'SELECT 0') */;
/*!50717 PREPARE s FROM @rocksdb_get_is_supported */;
/*!50717 EXECUTE s */;
/*!50717 DEALLOCATE PREPARE s */;
/*!50717 SET @rocksdb_enable_bulk_load = IF (@rocksdb_is_supported, 'SET SESSION rocksdb_bulk_load = 1', 'SET @rocksdb_dummy_bulk_load = 0') */;
/*!50717 PREPARE s FROM @rocksdb_enable_bulk_load */;
/*!50717 EXECUTE s */;
/*!50717 DEALLOCATE PREPARE s */;

--
-- Table structure for table `oauth2_access_token`
--

DROP TABLE IF EXISTS `oauth2_access_token`;
/*!40101 SET @saved_cs_client     = @@character_set_client */;
/*!50503 SET character_set_client = utf8mb4 */;
CREATE TABLE `oauth2_access_token` (
  `identifier` char(80) COLLATE utf8mb4_unicode_ci NOT NULL,
  `client` varchar(32) COLLATE utf8mb4_unicode_ci NOT NULL,
  `expiry` datetime NOT NULL COMMENT '(DC2Type:datetime_immutable)',
  `user_identifier` varchar(128) COLLATE utf8mb4_unicode_ci DEFAULT NULL,
  `scopes` text COLLATE utf8mb4_unicode_ci COMMENT '(DC2Type:oauth2_scope)',
  `revoked` tinyint(1) NOT NULL,
  PRIMARY KEY (`identifier`),
  KEY `IDX_454D9673C7440455` (`client`),
  CONSTRAINT `FK_454D9673C7440455` FOREIGN KEY (`client`) REFERENCES `oauth2_client` (`identifier`) ON DELETE CASCADE
) ENGINE=InnoDB DEFAULT CHARSET=utf8mb4 COLLATE=utf8mb4_unicode_ci;
/*!40101 SET character_set_client = @saved_cs_client */;

--
-- Dumping data for table `oauth2_access_token`
--

-- LOCK TABLES `oauth2_access_token` WRITE;
-- /*!40000 ALTER TABLE `oauth2_access_token` DISABLE KEYS */;
-- INSERT INTO `oauth2_access_token` VALUES ('009d05162f691884b9db5518402292bb7ed14a6ccf20297284b993cc67966507aee8885a43a5d66b','test1','2020-08-04 04:55:53','admin','read',1),('037bcf6c04cee521d282a06036a818041033fef22bcc0d5673929885574e056a019ebb1ef60c63ef','test1','2020-08-04 04:23:12','admin','read',1),('04a5a01d4a4b15f66d5ca394f024b195619874d5740a125cc5a532ab07edc42f4a24901470b55075','test1','2020-07-30 19:08:29','admin','read',1),('068a4df06070a35ed7c15441811edda97cb1d41d7d9e65248a7afee149de13dd4ee97d7f72056fd0','test1','2020-08-04 05:45:29','admin','read',1),('091c19586e81c1d036bc86b3077dbf93418037fc3b3173d62d5f80650f4e89aa968171497da11f86','test1','2020-08-04 12:22:22','admin','read',0),('115ac66585048e6ea31079450c68c2f946b1a90791d01c914acee3b830d4dcd2654af04f47fd71fd','test1','2020-08-04 06:23:39','admin','read',1),('16d9e4179ac3977ea56f3123b9d84a6c2bceaf408e8767c05d94f91e32554f3425b70f2ac87ee79b','test1','2020-08-04 06:23:46','admin','read',1),('1763a6297e7473d09ac7f4bb3663e5bf53a3cce2ccb5387938ce069a2ac7e33edee55b741825c29b','test1','2020-08-04 04:35:50','admin','read',1),('1895447175ed532d429680ff889919ce77073490af1ff10b67d44067d6e4e5f2b3a874e8f82e7a85','test1','2020-08-04 04:44:57','admin','read',1),('1bddec6907b36454af39ecf84fa822aec07b2d6bea431b828ccfafb33bca786b57cb2d0d3cbca83c','test1','2020-08-04 12:20:30','admin','read',0),('200469d87bdece6e948d2fa7a3253350f0f1f74f4a3a1d565fdf45d5694ef9c21950f925ba6511d6','test1','2020-08-04 04:25:51','admin','read',1),('23098142d2419b5c2919cc749a27f26307de2a97eb3c243bf0be7a1ae3772a1c9ca8dbc4b9b7bb7c','test1','2020-08-04 05:47:10','admin','read',1),('2a95b3be9ea92a3fa2bb96a9acccacb7a191ba98ef27795e7b6a7da14172f0dac1192f04d25cbab2','test1','2020-08-04 05:28:11','admin','read',1),('2c4b5bae65a374e015191b7bf25a1831b29b0a019bcd59442a90b9cb489d37ca6d21a191f4151406','test1','2020-08-04 11:58:53','admin','read',0),('2cdba75afb199eaf00575b3995ffcbe4917fb7a2d8a752b084a3b4b60dc0408de1f722d043d658e6','test1','2020-08-04 05:54:57','admin','read',1),('2e3f48b8446418ef5e6515c9dd942781af06927bb00a59130a075751d0b33bd5df2b1e4dcf9b6b39','test1','2020-08-04 05:00:57','admin','read',1),('33ecb4667b8bcacf0a38769fb3a17a509ca5bd49c770103047f83e42ec8bffd3e14b9ab93be4f324','test1','2020-08-04 05:09:31','admin','read',1),('359db0de6090e43a709fb653964702a6e99fcc18e0af67bfe3436acaef5c2fb6fb04a237c3317c0f','test1','2020-08-04 04:55:43','admin','read',1),('398ccde4dec28e1e5f289599bac23bf62a995f52bdd006e42c5ebce5b78594c8a0fe4670e3c50e08','test1','2020-08-04 05:06:09','admin','read',1),('3b77553d9283209bb46239df3c0c428ebcdce429f4bbd5b705df356bb6050b0653615c9d995d46cf','test1','2020-08-04 05:58:11','admin','read',1),('3bac9ef5c715d3ffe42dce6aa9360cf93c7bbb3bf08c28cd8c5d5284d7f73d0a20db49a223d59905','test1','2020-08-04 05:38:10','admin','read',1),('3ca57e3c9d4336570df627ac7ef6cc8fb2e0b4e1823b1f22c79c24bf6ec636457df26e96ead210e2','test1','2020-08-04 04:15:57','admin','read',1),('3e12b1577fc9a5720e5755000038d919affed65aca519cbf935339b2136622ea74b78e4194f3bc7d','test1','2020-08-04 05:15:14','admin','read',1),('3e3aded74f6676f76c0a6b5bfc2bd80f3c9d1ac7c812854d68da58cd5e484ebd589be5db79a79512','test1','2020-08-04 10:06:32','admin','read',1),('3e5a6ef0c2ebc704dd8aad52e324e264bfb9dbf00a19a5265ebf484edff1f4a3c5afaff8c571ae8c','test1','2020-08-04 04:29:07','admin','read',1),('4172e177ce32814ed46cd11c96e96e054ab67a5e82f3725c63696f611bf4b95c9ec564d2a7da1667','test1','2020-08-04 05:36:21','admin','read',1),('446eee31301450a859669567ee63e1fabdae57a84dca2c1484d6824063894218ea2cca5cafaa0ad8','test1','2020-08-04 02:54:21','admin','read',1),('48576a2977192e4e8009e0391b74d73d0ee1e8b4b2ebeef1aceecb759850cf449911e5ffed22afe8','test1','2020-08-04 05:55:38','admin','read',1),('4876c9f1f26f9c7455bed31f9fc904f2ce22b5a2d698912cd8bca10626357607f95b803ac2714e11','test1','2020-08-04 12:21:58','test','read',0),('49e15be05cd9dfb8dbf543bdcab1157eb7867d05a35f5f1f12ac13d870fb62de2e7cdc98d3753a40','test1','2020-08-04 04:44:02','admin','read',1),('4a5fd331a1ea1f3068a02a5d4579356ac3c3f9d903e24ad1ac45967795f5849cdd6de7fe1208cdd4','test1','2020-08-04 04:38:14','admin','read',1),('4bbc64d7cdee63733ee811a88597513abc038158faf2161071181cbb87914d6c88002da0855a8b13','test1','2020-08-04 05:29:29','admin','read',1),('4c96db2494f5a0a0e2e09469888f71b5f81c5d1f144396066b4d3e1d93ce92f0a4d815c14d3e9a2b','test1','2020-07-31 02:18:27','admin','read',1),('4e5c41c09101bd8c41eb797b5032bf064cc4000ee98bb611463d56ed9768070d25461eb96d7bfaa0','test1','2020-08-04 05:46:06','admin','read',1),('50dff4199b6bcdff611dfc4599791d4144a15533d8275e88da1bc51439b6d674467f3d5a0423e26c','test1','2020-08-04 00:07:40','admin','read',1),('5346bf7f4abae83f9a3bcca5bed15c8d706dc8644cb50968c9f8de37bb1308ba92215d9acac0fc63','test1','2020-08-04 04:31:14','admin','read',1),('5623f25f671653fe5e801554ed1f7110fe5ecbb5a4a98f95487ff4fa627e277bdbabc7bbed9a4eb4','test1','2020-08-04 05:57:33','admin','read',1),('57f7a503dfc9aa970cc2315516957c99098bb9b411698f8facf24beb9e9c31f5b8d304cf47767074','test1','2020-08-03 23:40:54','admin','read',1),('6261c096e6d76a66a37e60ea3a7993e5115fa7710955be8f0ca6d4378ff272cc3c0db105d02e59ae','test1','2020-07-30 18:20:36','admin','read',1),('6933bbb2e5417e5dab339b087e4f1fb3844df68c44ec71db06baaf267fa68dfe2d0737baf90b0da8','test1','2020-08-03 23:55:04','admin','read',1),('6ee56824f965acf594cfd283d954b156b5171bec8921a12917ad603654bc9a8c62243718ca99853a','test1','2020-08-04 04:39:24','admin','read',1),('71003d2a35ce1464bdf98efdcb3faba484c0e60306eca9d5d0d3662ddcd0d6da4dd5061c74c5f041','test1','2020-08-04 05:47:28','admin','read',1),('722d871320463db393f3cb046cb13687d514318019fe1f54b5989cccc2b71538736d403962c02706','test1','2020-08-04 11:33:45','admin','read',1),('79989b3e4fa93e9423c74e604756dfe9cba49e06aa277ad5a6554e405f9d5f69ac98afd1e2de3dab','test1','2020-08-04 04:27:28','admin','read',1),('7a69a9627481c56325480cf614a71b1c34eb140816ebe224d071a953498193f57a7ff8a26414f2b2','test1','2020-08-04 05:48:52','admin','read',1),('7cf5bd96fdef29bc3ed0ecc0c7109c55cb2811698d3475d2dea8f5d626f9203b452245febabd5e64','test1','2020-08-04 05:52:11','admin','read',1),('8400481f25c260278c1b29cb72eb52d06abf2bc6fc5cefa4abf80512f62fe4ea99576df250682e0f','test1','2020-08-04 09:43:21','test','read',1),('874af590af235e043a0bb0601f768cc3b5a498b7e0ac78e87e469417d3380bc7c594e60a90038e5a','test1','2020-08-04 04:45:11','admin','read',1),('8ad47901eb8bd6eb346a2efa548b300fc09a2fc9e744ff4dc428aeea1fc4dbbd5e773df1764c8000','test1','2020-08-04 04:59:39','admin','read',1),('8f28372968d8b0048a45c89a3270db3744bb0c8bda2d10c4a0991fc7a66f85a1a2f0ea33929b96db','test1','2020-08-04 10:15:12','admin','read',1),('92a0bfd053b23939dd6ce4c4101861f2a2ea9532f661bb6a6b56ff3a2d84723606fff8cf5f1befce','test1','2020-07-30 17:14:16','admin','read',1),('96d24a6a14972f1a05dcc92c7afb0a21d97c87658085042a2d2edd2e9179aec059d47a3b8e3d3b0b','test1','2020-08-04 04:52:32','admin','read',1),('96d3c32aa6af644908b159cbe1ea076a5ef6eddd2734651c9b4d567a18d38249c2e6b8d7e2742365','test1','2020-08-04 05:27:26','admin','read',1),('a5b57a6194532084b6a20f9774fa38a742df68aa5e895c686f8e6997091523eb7892fd350ef62169','test1','2020-08-04 05:31:16','admin','read',1),('b0e4f4edbceb62da874f06561d65a7815b641773da6a7ab7ddb514584daf442655eb7d7e29a41fef','test1','2020-08-04 04:21:40','admin','read',1),('b66857ba66a0b3018839fd1a6ada8a87d32ebfe273f475abcc6b6258a3711b42d7a78db2e48bc2a6','test1','2020-08-04 10:12:14','admin','read',1),('b69d65fa17cb194afc04f5ab3f1a55babd82201957a6d30c6f6256d73339aa9a6d8b601d981b26c1','test1','2020-08-04 04:46:58','admin','read',1),('b7c24773067b29d6db205a4fa1bb3919ee0622801a4c64439c08e52c1ccd9701dcd6af835fcc2732','test1','2020-08-04 05:58:34','admin','read',1),('b89e0b4c36ae7b119caec6f88d6d39419a5171f2cfd84ba3ad084755f348c4afa626681a0476d288','test1','2020-08-04 09:43:01','admin','read',1),('bab28c547bf6e8c1d3af2bfadfc428b1c20bcb41657bfea87dab937d13b0180037b392eadca345e8','test1','2020-08-04 04:26:07','admin','read',1),('bedbab3fdbec2ad8aeaf9a9964a13c35cb8fbc4ec4c07a39651eff929889577c2934dcd0faca2283','test1','2020-08-04 04:48:19','admin','read',1),('c0f430ba85262e7481e8a0aac7dfa9f385956f293a83ad278db7e0e75db3554fe91f2d60557cb150','test1','2020-08-04 05:09:06','admin','read',1),('c5b83b1003fd8b2cc5965b5dde4c997277ee1059e5798eeaca9782b6e2dc01edc5c72cbeacfda260','test1','2020-08-04 05:00:01','admin','read',1),('c681940a0e1d5f4bdb8218d77f1c43e6422d4eeca566740dce428df74c9c3b98612b399a0a87ca0f','test1','2020-08-04 10:07:03','admin','read',1),('cbbd85e4746993366052f68cf3c0d27d68a85e3b06cf554d2582a5bdf9dd828ee65ceac3cc74279e','test1','2020-08-04 06:00:09','admin','read',1),('ccd5a1825ace570cf8550dea90dcf212160dbc1897503e020c13f38e27aec92ad57780c884c629e5','test1','2020-08-04 12:22:09','test','read',0),('d0f3ca0add5f19893c0fe3f1b7f73fe55e81d94eddc80e630f6e935e7d84ed6f844c5425cfebdd50','test1','2020-08-04 05:37:39','admin','read',1),('d338e885da84e05d18d85a1b836808d941db7e33396d4e688f42034e78307535fd3d8e169be258d5','test1','2020-08-04 05:08:25','admin','read',1),('d66a20d8809ae7e0889ae3d9cb846a977cba6af2af86483524933c15e5ee59c0d2829eae3ffe0cbb','test1','2020-08-04 06:00:02','admin','read',1),('de678359b512ce9ad90fdc083b7b325c0516f222e55ff42d09cf6d98a2cda9e739bae14da6325c64','test1','2020-08-04 10:31:01','test','read',1),('e05ad8647a5bac0dc6fe7266bece32654ad517ee7398cbacf950cd672a6353ea627347a759ee5ce9','test1','2020-08-04 03:56:36','admin','read',1),('e4762d73333ade9c791588a5c193f8f52f706ecc25ca6ae6cab850054124cfcc7766ea4387f12dd9','test1','2020-07-30 19:05:03','admin','read',1),('e5188f89a92068bf5ae14752467adc8b144b99900693bb39e83dad4f6a84de34b9a57c7c41bb41fe','test1','2020-08-04 05:17:00','admin','read',1),('e74fa2f34ee16e7528e6b8f4b05b4d948a5d2f566b59fce5a372ef02ff94c08217462531b46a07dd','test1','2020-08-04 05:06:13','admin','read',1),('e800377adbf673a4883cf903b8629f032a3928de9c119ebc3e1bb01a9eb34b61f9c713f3548f34ef','test1','2020-08-03 23:28:55','admin','read',1),('e9e6eda1cb63a3991220ced8cd24b18842e9f413942876e30117ad1aa6e8975b2a1de23c7493bdb7','test1','2020-08-04 04:52:49','admin','read',1),('ed6f4c9ee5a45fba065862268181ccd5dbbdfee6303a66fc0cc4a1f823dc3169d13bfe199798a3b9','test1','2020-08-04 10:31:21','admin','read',1),('edb083a060e9d2ebdf150e7debbcf725df96565427fb219a63951a83b57c1c5612880f6197da862c','test1','2020-08-04 04:29:52','admin','read',1),('ef8a703be9d744fdb81a354166a9c9ebf74f5dc694e2faae8aed80fb772c68920580a5cd9ca53439','test1','2020-08-04 09:55:04','admin','read',1),('f0e667a4ee2fa38f53c8879d40549f7ce1319963d2ba04f60cd7f609b07752a85e8285c698f413d2','test1','2020-08-04 10:12:36','admin','read',1),('f412f0c89ea047545e88d99524c305b485cd2a4681e32d502e4142096f4646f1ffe9fca4f14fc476','test1','2020-08-04 04:51:42','admin','read',1),('fde4b2aec327937068d21e5baa35b1cc83549de682dfe1320b42b39c8b19b788915cdb073e84a84e','test1','2020-08-04 04:12:45','admin','read',1),('ffef336056e6e65fadc30fe56dffa1390c8f8a438d17ce2ba33cb7a8f1fbd2e8df7ee40265a37ee5','test1','2020-08-04 10:08:43','admin','read',1);
-- /*!40000 ALTER TABLE `oauth2_access_token` ENABLE KEYS */;
-- UNLOCK TABLES;

--
-- Table structure for table `oauth2_authorization_code`
--

DROP TABLE IF EXISTS `oauth2_authorization_code`;
/*!40101 SET @saved_cs_client     = @@character_set_client */;
/*!50503 SET character_set_client = utf8mb4 */;
CREATE TABLE `oauth2_authorization_code` (
  `identifier` char(80) COLLATE utf8mb4_unicode_ci NOT NULL,
  `client` varchar(32) COLLATE utf8mb4_unicode_ci NOT NULL,
  `expiry` datetime NOT NULL COMMENT '(DC2Type:datetime_immutable)',
  `user_identifier` varchar(128) COLLATE utf8mb4_unicode_ci DEFAULT NULL,
  `scopes` text COLLATE utf8mb4_unicode_ci COMMENT '(DC2Type:oauth2_scope)',
  `revoked` tinyint(1) NOT NULL,
  PRIMARY KEY (`identifier`),
  KEY `IDX_509FEF5FC7440455` (`client`),
  CONSTRAINT `FK_509FEF5FC7440455` FOREIGN KEY (`client`) REFERENCES `oauth2_client` (`identifier`)
) ENGINE=InnoDB DEFAULT CHARSET=utf8mb4 COLLATE=utf8mb4_unicode_ci;
/*!40101 SET character_set_client = @saved_cs_client */;

--
-- Dumping data for table `oauth2_authorization_code`
--

LOCK TABLES `oauth2_authorization_code` WRITE;
/*!40000 ALTER TABLE `oauth2_authorization_code` DISABLE KEYS */;
-- INSERT INTO `oauth2_authorization_code` VALUES ('01d6e065ccd48f62c8b8f1a8a493e0c54268a73fad45f80b2efe155a1f529f7aaa8c567d68596743','test1','2020-08-04 09:25:11','admin','read',1),('0417e844ba756c8939f7139b2a1917bd7e6bf6135fcd88f34461331b8f8e73be9a4200d98c3b3e86','test1','2020-08-04 03:39:51','admin','read',1),('04322a66072cebb383b6e5660ce54c7b279ca617741294f92b52360627c4bb1cc31f53a8febd1fb0','test1','2020-08-04 03:33:11','admin','read',1),('088c7ca334b3eb322c1a98d3c936cb5b011df139260bfb484ab55ae66700e3d58671fddef5835131','test1','2020-07-31 01:06:22','admin','read',0),('0dfa8795baddc8b8d743f2130bf2def7ca6bc84a402595d102a474603f04b22e4eaa72b6b3919ea5','test1','2020-08-04 03:58:18','admin','read',1),('116860a118ed3f6f4328176cd98494df2c3768269dc8656726ffe49feaed18334e2af8eb0f60b1b1','test1','2020-08-03 20:27:19','admin','read',0),('12a814b792438996858196b9efd05459760f8f9f45f9d191aec4e4c4d294d278ab70298b161c99b6','test1','2020-08-04 04:19:30','admin','read',1),('1419840d4d92ebee2437167f0cca5545671c1c2bab090588888bcc0009295178968541b89d3516f2','test1','2020-08-04 05:31:46','admin','read',0),('17fbdba6162974324c2cbeedda508776593318a904048d9cfaeaf594ba71f7199c7ce9ed39a2a083','test1','2020-08-03 23:17:39','admin','read',1),('183dff8118b5d44366927bbf5c507e58a56c6041337eb283a2dcb5c255f7fb4a352cfb419adbfdd3','test1','2020-07-31 01:23:14','admin','read',1),('19cd600f6dfed06ec05d59f51cbe872cdc7acb44f98dfb71163f0fb60122a3b23f85a98cfdc04aba','test1','2020-08-04 09:16:31','admin','read',1),('22fdd5a9a7308c44fac51e658db00fbefce3ce258f2664e0255e6f4a8d628ce175790bece861cd48','test1','2020-08-04 03:54:01','admin','read',1),('2a2b5c50437eadbb51b613b29b54251b9acf3ce0fcdb6addd15ee83edf2695f4124b9a8de8012088','test1','2020-07-30 18:17:53','admin','read',1),('2aff086873eac3a8b220b40c46b653dd6759c120bf21f8fb30143bb9bde1976901e542f0a3803121','test1','2020-08-04 02:04:20','admin','read',1),('2cb778225a42d29b293e2c6f035d34a7905dc1201b6b2a4743b5f9610fa0e7d9ce997ea416f5cbc2','test1','2020-07-30 16:12:32','admin','read',0),('2cdb716ef42736f49891131f1478e5a1ed32d19e2745e38b189bee6377fca0f503e2e55e67c77cdb','test1','2020-08-04 04:57:27','admin','read',1),('2e2ceaac517e04cd02c984911e374efbaa933772612c44b570f9728609a4bb1d88481cfe5ac536a0','test1','2020-08-04 04:48:09','admin','read',1),('2f17bf59633cb578b7c1126c9d8c71cd639fc627f66c5b56bb50d35679cb27e2e5f5ca4d32503814','test1','2020-08-04 11:31:57','test','read',1),('3468ab1d5374f26cc654bc7b7300d2f171df8ad974052fc0ba2926e8c776b5ffd48b0f1f27baa5ef','test1','2020-08-04 03:36:06','admin','read',1),('362d917dd4b6a9ce5855134f41e643ac14776dbeeebc1f48504998bd828beac59fc2c7265cbe4994','test','2020-07-30 16:07:35','admin','read',0),('3777d840e410fceea085927f39ec6bd65d4e32fd746d4327320e5c071b03820da9d2d19eda9ffd58','test1','2020-08-04 04:05:42','admin','read',1),('38c8d428152a6b3a263c836bf77e85dccf4f027fbf46025e4fa6cf10caa36fecae1db6026606b0c1','test1','2020-08-04 04:37:24','admin','read',1),('3fbc4b68a57cfa21e7a30e6d786ede3da513ad255e94b1d8c45903217f14f5d186bbbdd8630b9f12','test1','2020-08-04 05:33:10','admin','read',0),('3fdbf4976c2d8076b6bf5f52f9614f1747b565e584ef6fe18b582d9d96a7318387d87697cf50c8b0','test1','2020-08-04 05:05:37','admin','read',1),('41778c8d892fc60272776547fb23eee02ae219f70c42d8beb586a944dccf4afde2ffa4119df95e51','test1','2020-08-04 03:54:55','admin','read',1),('4385a48d2612cad4db917cfcd712badb653560a564558498ea635d14f09c9b218a0831be83e29195','test1','2020-08-03 23:05:02','admin','read',1),('47ae47accb471461ab083388455ee3d14e39bf7e0fd90d7fd37c964238b3e5de7c46bf0fb746a063','test1','2020-08-04 05:02:10','admin','read',1),('4a4f1a261c71a5dd92b775846925253e7cdcc80afd0aeee463da2023f3b9861712fa695715d38129','test1','2020-08-04 05:08:09','admin','read',1),('4db60f8013d1468645dea276affd8ed238b0541fda508ecc6740122235232b04477fb55230723269','test1','2020-08-04 03:25:56','admin','read',1),('4f264669a360913cd07c91165204ef948f116e01331f1a4e4d1de82aa1b2607e9e610a76325cb111','test1','2020-08-04 03:49:23','admin','read',1),('4f7d83e79a701c915e34f9122c7227d4a7b6c88843257e637b823aebf159377e7fc1047978a6c054','test1','2020-08-04 04:56:05','admin','read',1),('52f1d4b83ef3735a128c671adedce54592e6b380d2afe7753780d998e2cbc0bcb0ebea236aec9c3f','test1','2020-08-04 09:22:35','admin','read',1),('54b0d8236a893e353a76d1ba160dbea7a56716e48fa648ec9c56403c421ebb6e46591f7f6cde3ed8','test1','2020-08-04 05:33:44','admin','read',1),('56e4894ec50af71853370ea9338162186233eca1ebd78e1398e6c23551a321beabde75ae5ae4ada3','test1','2020-08-04 05:30:51','admin','read',0),('5caacbe0e9d1f04eab9a1501d96348bd8cd8db9e02cb3b55ea6f27f50b3544722ead9063ba585854','test1','2020-08-04 04:58:51','admin','read',1),('5d42527062f619d5c706da79c95acf02379ce0f2bb4b430804dfdb0534bc097cb42a8fc6b3f62ab3','test1','2020-07-31 01:13:15','admin','read',0),('6210d0e6356ec609fcbbd1714f0f18902ad36bebacb03dbc1620b6e1de2469b8afaa0236cb60386d','test1','2020-08-04 03:56:57','admin','read',1),('624dc44387711a45154687a3d4c4041a73a0d6ea3530cfa24b9b913314f2c85e2cae821c7f737f53','test1','2020-08-04 04:57:09','admin','read',1),('64e167cab49a715f341f246348ea518e59ef0fbec8aa78662d80683194db88605f8b14a74d4be0cd','test1','2020-07-30 16:23:56','admin','read',1),('68c1e877a564148279f3090f7bb54fddc5a64f666c6a944cd785abedd732d53ff80683b1fdb610ed','test1','2020-08-04 04:09:59','admin','read',1),('68ebbd5d58f606fbc23a29681776cabcc1fa1aeba38ddb2db2024ba6d312652dfce14ec0334d0614','test1','2020-08-04 04:41:15','admin','read',1),('69f24ee7755d183c88cafb29308894c1e19272c5bfeb677f8cfcec9e1834fa7c9b7220273c79206f','test1','2020-08-04 04:19:05','admin','read',1),('6a5445ab59f49f1da4dd1c38d0cdacea359e166ac088c613be3bde8df1556e4eada21d0c334a18fd','test1','2020-08-04 03:48:13','admin','read',1),('70c88e5048c151cb1f90a63079dbaabfe4e2f66d0ba4134c0214ef01e0ffa0f8561466fe2da79032','test1','2020-08-04 03:55:09','admin','read',1),('720d8708a2c3536753d42312799ad752bcf9af4272083ba0041106da79a31b9ddd158cbc3d3a470b','test1','2020-08-03 21:39:59','admin','read',0),('7445115641ef46e1b8c61821f1fc7f8145b0bc1c1b4936a612c610a46685bb31b3c20bbbcba1c8f9','test1','2020-08-04 05:31:43','admin','read',0),('79958b86d2e41443d5a84cf78a26684bf1be99b1085168bbb8e113b0623076d6d2419cde225092db','test1','2020-08-04 09:18:42','admin','read',1),('7a7d0cbda605c84b27b93725b30d80ac6f09181bc6719772b1ab86fae791d8f04b11b5f290f098bf','test1','2020-07-31 01:18:41','admin','read',0),('7df60bb97a4922540b6ecee648d02c1ef18cb4538b500834a75b31107dd6393f0cdc3a3eba40dab2','test1','2020-08-04 04:05:52','admin','read',1),('8197088baf4b39650cde30249780cf5f96aa01b2bee0146cda064de51e5ee4f6f3488bb6b33883b3','test1','2020-08-03 22:50:53','admin','read',1),('8579002940120c3c75601d0148b7b601b61fe07003426c53d4d1893362492b2d9228900a0eaba920','test1','2020-08-04 11:08:52','admin','read',1),('87c62c22778469842429275e10df47aeafd4066313bee354d8b50f1ff6795136c1223c396e614a4a','test1','2020-08-04 04:16:12','admin','read',1),('8f256856fe7aa2c85935d7c74d8124a6d6a24c7876f28705fbf0a912e2e6bd848228cf1dab0652fc','test1','2020-08-04 03:35:50','admin','read',1),('8fbc591e453e59f2764eb523043ae8d6a363a6d6a2579a96ea2ab67f25019b888d248b618d8d8830','test1','2020-08-04 05:04:56','admin','read',1),('959f296a77791d64ff7f5d61fbb3b657dee4195de54f87e2eaac5e2fd8359824e63ab239969021f2','test1','2020-08-04 04:25:12','admin','read',1),('9ce30fdc9fd8cba7a5caa9b15b242907e44606b45a03bf724599af08f01f02211c1cbfa71a43f337','test1','2020-08-04 04:10:55','admin','read',1),('9d43ca43b75a3f2978518b97f9f613ec1e06c6fd6e3ef1edabd45a7a428fcd3cd6e9a0543892a8c8','test1','2020-08-04 09:05:02','admin','read',1),('a1c99b89a5a659659c8824e8c336a2ce7fa5d4c6139942d8336158e48080d3ae3658d89dc9565b27','test','2020-07-30 15:58:50',NULL,'read',0),('a3b38396e8b25bcf0d40dd361800667215133c8255db89845759ffb7c5584d0e45014544da3921ad','test1','2020-08-04 04:02:30','admin','read',1),('a4551c814efaed744ad8fb0b09e2f32d39ae5946b35bca55bf28cef3e33e5e9096d11f56282297d9','test1','2020-08-04 03:41:13','admin','read',1),('a45915d3c8ea9a55d9c93908c28127caceaadac713736a54e56f70fa76cf5c31330f1d952ccad95a','test1','2020-08-04 03:37:27','admin','read',1),('a5559d2cd6d9a829b1b7331ca9888eb52175397544ce702fc31e1fb2637d6916f5761d81dfb14480','test1','2020-08-04 05:10:01','admin','read',1),('ac14aff9de8c1ab7e2dbcae6fbce38c8a7dadaf8b91ec5aa090ebccb6e7bd40a298a240e5b94261d','test1','2020-08-04 04:01:41','admin','read',1),('af63da29ae0302725f520f6ea3a54e5fd360b69d3901ecb14b4de3d2a79a24003bce04882743a2e1','test1','2020-08-04 03:31:39','admin','read',1),('b036bddc349b028dcb138ca05ef1f390f19ef7d02cf4086db51572ca55e8a9ab0505f8172ec4e067','test1','2020-08-04 05:33:37','admin','read',1),('b0c1e10b94e21c18ddfa0efb221f0b759b37817ec18d45119ac4a07b1f0e91ebf639b06bb8f3ec16','test1','2020-08-04 11:30:29','admin','read',1),('b1fbec5dd257628efebecc12925e5c834ce9c2eab7b28eb1cacd5a37eba9dc79a479ecb18137bc69','test1','2020-08-04 03:39:06','admin','read',1),('b62d6fd4afc307a98b16edff9f83ace36b01e7b8ef2d4159033f2f0290adbfbe3e7220c061b893c3','test1','2020-08-04 04:26:59','admin','read',1),('b79b488040845a00926f82d21e7ae5c2a12fa18eb0e3e9664b0f03856e920d6c4b087d957d435883','test1','2020-08-04 09:22:12','admin','read',1),('b9a201b60b993bbf4ed1bf9ff7ae304a0720a63073e380287e4901c1fcd14d953e260a7c45d86044','test1','2020-08-04 09:41:18','admin','read',1),('bbc9d6ba230d7e1719136516e5e50013e570b163693dd0560848ec02f548af84a5018a2b8a9d5412','test1','2020-08-04 11:32:21','admin','read',1),('bc85429615a4e8b399157ea129bb06732b4a74512e4c9d70353ae739cde79dfd5e65cea05c556b8e','test1','2020-08-04 05:07:32','admin','read',1),('c04e12b55ecda4852f2ba301a8397053d2f204c8c3b9e648ee99231d43e87580dd8aae7a5d287356','test1','2020-08-04 09:17:02','admin','read',1),('c33f0e52a4e01ef6ea9ce0a016d5fa73dcb614d4bcc912e1c0fecea1771762bc9ff0f3a6088b05d1','test1','2020-08-04 04:18:24','admin','read',1),('c48ea31da6660d61811460a4d93ccf6f06c389cbf326b8bbe1e7674e315bf4f8e88c31cbc02d8bbb','test1','2020-08-04 09:40:54','test','read',1),('ceec0e4fab252970647ea2a56d67058796de4fee9ec8a1a73d995aef8a44e0a37368a745a4bfcea0','test1','2020-08-04 04:12:30','admin','read',1),('d3e9d7d82405a69517de84801e5a9c0318ce30478cd51e2fe8063ed5281fe95b002fe724330b8ba0','test1','2020-07-30 17:49:53','admin','read',0),('d5d55f58263c3bc1e7faa645250b292a1cdff323586aa09eb893d7110bbf9151e20c904fdf6ad8ce','test1','2020-08-04 08:53:20','test','read',1),('d63278c14ba940d7f91f80b90f64125c615faeffb718e1b6d97696101a266d302ab917d40041000b','test1','2020-08-04 05:10:07','admin','read',1),('d79ef6e383d42006b51d9c8ec3959565d28a57e633bad27bf4b0631c5dd03ff09798f4f829d621ba','test1','2020-08-04 04:02:48','admin','read',1),('dbc9bf78932828a80acfd5f546a513cdb3a4d74d3a150dd3c85fc1132cb414e3e0c26eb7269596f8','test1','2020-08-04 08:52:59','admin','read',1),('de878ab826938f741055c471f5aa4f5fbcd79bd78a14a041c4c0219082c1efcf340071e9af063e62','test1','2020-08-03 22:38:53','admin','read',1),('e2b3ff2689c235cb90606402d660cf6372271e6b442323dcfff321c97ace816b294c3002819cff7e','test1','2020-08-04 05:08:33','admin','read',1),('e40ddcbd205b4d141b699ec2bc60bf311479cfdf59a904477da1dc14b86968b7e49290a5403d91bf','test','2020-07-30 15:56:12',NULL,'read',0),('e9645657d98514914993269829f2644f8dd4655334f1b4bc143aca039be4c4e3d8388adf62768c21','test1','2020-08-04 11:32:07','test','read',1),('f02fc02c643deee733a16e1b952cd33c3b9ebc6aa2513230c5b08adb9048c79277f07aa707315014','test1','2020-08-04 04:47:38','admin','read',1),('f34f3cfe09b49aca1f0f8ff93eea724dde2efe81add29d5b8c0725e4989ba56cbfa998e99a96699a','test1','2020-08-04 04:46:19','admin','read',1),('f43f952794a8d9cb3326eb8edc61c721b5f7675f90cb061126054b3625535b00606255eecdc7f8dd','test1','2020-08-04 04:09:37','admin','read',1),('f74e5d92f6f531ccfc5156881d82d17033787b28dfb909ef513fff68abf1439b3120b287b8efd937','test1','2020-08-04 04:38:09','admin','read',1),('f852cbd3788e4e10f2f683b79418c0cedf8a8fa74a3570143a6bce1799aba0b628cc2490c109e5c5','test1','2020-08-04 04:39:28','admin','read',1),('f93fe04e54ed1393e4e65b6bc636a89c9b9274f31478ae204144a7d3cdb93c4c3095c63496386e26','test1','2020-08-04 04:55:28','admin','read',1),('fae5a2470b5980175b4ed809ed961bf1d3267721b963448136c427bec8ae7a96d367fe228e16ac3d','test1','2020-08-04 03:45:48','admin','read',1),('fc793f53a296b1c0229ac8e1aba51eac436432feb2eaa515491011c3cd20564f3fdfcf6d30bdb458','test1','2020-08-04 10:43:43','admin','read',1),('fc8d5361b696eddf81a4e2f6bdfc1b42c13b8f49ec0580a28ec9abf10acf0a9ad8cb381007360cf8','test1','2020-08-03 20:26:29','admin','read',0),('ffca4f493157c249a44917a0f7a555727c607863f5316623032d77aae28f5f8f5124a2e3fc8bec77','test1','2020-08-04 03:06:34','admin','read',1);
/*!40000 ALTER TABLE `oauth2_authorization_code` ENABLE KEYS */;
UNLOCK TABLES;

--
-- Table structure for table `oauth2_client`
--

DROP TABLE IF EXISTS `oauth2_client`;
/*!40101 SET @saved_cs_client     = @@character_set_client */;
/*!50503 SET character_set_client = utf8mb4 */;
CREATE TABLE `oauth2_client` (
  `identifier` varchar(32) COLLATE utf8mb4_unicode_ci NOT NULL,
  `secret` varchar(128) COLLATE utf8mb4_unicode_ci DEFAULT NULL,
  `redirect_uris` text COLLATE utf8mb4_unicode_ci COMMENT '(DC2Type:oauth2_redirect_uri)',
  `grants` text COLLATE utf8mb4_unicode_ci COMMENT '(DC2Type:oauth2_grant)',
  `scopes` text COLLATE utf8mb4_unicode_ci COMMENT '(DC2Type:oauth2_scope)',
  `active` tinyint(1) NOT NULL,
  `allow_plain_text_pkce` tinyint(1) NOT NULL DEFAULT '0',
  PRIMARY KEY (`identifier`)
) ENGINE=InnoDB DEFAULT CHARSET=utf8mb4 COLLATE=utf8mb4_unicode_ci;
/*!40101 SET character_set_client = @saved_cs_client */;

--
-- Dumping data for table `oauth2_client`
--

LOCK TABLES `oauth2_client` WRITE;
/*!40000 ALTER TABLE `oauth2_client` DISABLE KEYS */;
INSERT INTO `oauth2_client` VALUES ('test1','','http://auth-server/auth','authorization_code refresh_token code','read',1,1);
/*!40000 ALTER TABLE `oauth2_client` ENABLE KEYS */;
UNLOCK TABLES;

--
-- Table structure for table `oauth2_refresh_token`
--

DROP TABLE IF EXISTS `oauth2_refresh_token`;
/*!40101 SET @saved_cs_client     = @@character_set_client */;
/*!50503 SET character_set_client = utf8mb4 */;
CREATE TABLE `oauth2_refresh_token` (
  `identifier` char(80) COLLATE utf8mb4_unicode_ci NOT NULL,
  `access_token` char(80) COLLATE utf8mb4_unicode_ci DEFAULT NULL,
  `expiry` datetime NOT NULL COMMENT '(DC2Type:datetime_immutable)',
  `revoked` tinyint(1) NOT NULL,
  PRIMARY KEY (`identifier`),
  KEY `IDX_4DD90732B6A2DD68` (`access_token`),
  CONSTRAINT `FK_4DD90732B6A2DD68` FOREIGN KEY (`access_token`) REFERENCES `oauth2_access_token` (`identifier`) ON DELETE SET NULL
) ENGINE=InnoDB DEFAULT CHARSET=utf8mb4 COLLATE=utf8mb4_unicode_ci;
/*!40101 SET character_set_client = @saved_cs_client */;

--
-- Dumping data for table `oauth2_refresh_token`
--

LOCK TABLES `oauth2_refresh_token` WRITE;
/*!40000 ALTER TABLE `oauth2_refresh_token` DISABLE KEYS */;
-- INSERT INTO `oauth2_refresh_token` VALUES ('03b0185bb32ce05837f84939f0ccfcd5e5c5edfa5954efee33ff73c71c39117ae50ffab7f27ec037','b89e0b4c36ae7b119caec6f88d6d39419a5171f2cfd84ba3ad084755f348c4afa626681a0476d288','2020-09-04 08:43:02',1),('06562a41151b9381f49039cfd3c0a7fa4e4914c13cd6f24e700cd1fa292621a9f4e33310a9467b29','2a95b3be9ea92a3fa2bb96a9acccacb7a191ba98ef27795e7b6a7da14172f0dac1192f04d25cbab2','2020-09-04 04:28:11',1),('070a1b51f051b8964069adb03311fb7d14b9fce34d4d11b4379bd96ae79e32f93fe7cb35aa6c5fc1','5346bf7f4abae83f9a3bcca5bed15c8d706dc8644cb50968c9f8de37bb1308ba92215d9acac0fc63','2020-09-04 03:31:14',0),('07c5ee36ef37ee135e5de8279e2189147ac9eb392dd2cd1c1cdd22fb16fa57b8a9698e57e07b0c55','e9e6eda1cb63a3991220ced8cd24b18842e9f413942876e30117ad1aa6e8975b2a1de23c7493bdb7','2020-09-04 03:52:49',0),('089d227ca0bc3891f7da79a2bf2e99160ce4ed31d10fee6e4e63bbe19fa41374043d894a34fd02ad','ccd5a1825ace570cf8550dea90dcf212160dbc1897503e020c13f38e27aec92ad57780c884c629e5','2020-09-04 11:22:09',0),('0aec0161afbb6db713f57ed079a890fae476f74be30c002c30633adf5fd80d83250013b05a4ede21','4876c9f1f26f9c7455bed31f9fc904f2ce22b5a2d698912cd8bca10626357607f95b803ac2714e11','2020-09-04 11:21:58',0),('0cb8b1ba9316f5daba4de1784e150a428e29a4e2409958269649b8881e349400bd83b53f0118d015','4bbc64d7cdee63733ee811a88597513abc038158faf2161071181cbb87914d6c88002da0855a8b13','2020-09-04 04:29:29',0),('107c2a3fb0bfa613a724c33504e64ed790f14b548fb7384ec3a48abd2a0bbaf1d1f23a32a77cd82d','ffef336056e6e65fadc30fe56dffa1390c8f8a438d17ce2ba33cb7a8f1fbd2e8df7ee40265a37ee5','2020-09-04 09:08:43',0),('12b8bc1d89276670cec6d6b21974d973bee1f796b5efed48509eb8d6717079390a41e83f26a68dbd','4e5c41c09101bd8c41eb797b5032bf064cc4000ee98bb611463d56ed9768070d25461eb96d7bfaa0','2020-09-04 04:46:06',0),('12be8907d23eb5e112efe5fc7c702570f5e0c99a4d23e6245ea52c2d9f51e7ec10957ecb381b727a','b69d65fa17cb194afc04f5ab3f1a55babd82201957a6d30c6f6256d73339aa9a6d8b601d981b26c1','2020-09-04 03:46:58',0),('16097be662ec7ede898fcd1cd754fabcef2c208013c40d5612fb013ef79547a3f8c7e0e00c6ba7a5','79989b3e4fa93e9423c74e604756dfe9cba49e06aa277ad5a6554e405f9d5f69ac98afd1e2de3dab','2020-09-04 03:27:28',0),('1a99d1096046e4663262b8d30fbfdd0b9c95f59383aaab1215a421acb67ad2130c53d183f7684eee','e05ad8647a5bac0dc6fe7266bece32654ad517ee7398cbacf950cd672a6353ea627347a759ee5ce9','2020-09-04 02:56:36',1),('24e1e59870ce3661aca0fc2aa654e84c0d3ebdb94763ad2fb766bec9c33c1c634020dec51c946259','b0e4f4edbceb62da874f06561d65a7815b641773da6a7ab7ddb514584daf442655eb7d7e29a41fef','2020-09-04 03:21:40',0),('292b5f2d1c94e7a7cd581892cbe55200ebc7c5e84d0fa7f80fd8ce36d2561aa7b2938128d69e762c','6933bbb2e5417e5dab339b087e4f1fb3844df68c44ec71db06baaf267fa68dfe2d0737baf90b0da8','2020-09-03 22:55:04',0),('2c2b1fb82fa99368c0bc7a281cd64f14ae519e3bf1394f1bbd83c2375ec60c45140972a01c601a20','7cf5bd96fdef29bc3ed0ecc0c7109c55cb2811698d3475d2dea8f5d626f9203b452245febabd5e64','2020-09-04 04:52:11',0),('2defb457adcf3155f9912665b488524f5b85e8acbe88ea5ab75b5aa82a56e056bcd4a9359e7cad7d','edb083a060e9d2ebdf150e7debbcf725df96565427fb219a63951a83b57c1c5612880f6197da862c','2020-09-04 03:29:52',0),('351905f6486c8009ea8321375bec81a5c1b7866ee3310895391b08aa348d495bfbebbacdeaa8a588','c681940a0e1d5f4bdb8218d77f1c43e6422d4eeca566740dce428df74c9c3b98612b399a0a87ca0f','2020-09-04 09:07:03',0),('35f6e3e4c50355055d3881835d544d0257e46a6c91e919b80dbc859b61f6627e8656296bed028fb0','c0f430ba85262e7481e8a0aac7dfa9f385956f293a83ad278db7e0e75db3554fe91f2d60557cb150','2020-09-04 04:09:06',0),('37bf6fa12389a16994a2b152e95bd5ffa02aa2c54e06ddfaf7d86faa1606d7f6761c1c92a79c157e','4a5fd331a1ea1f3068a02a5d4579356ac3c3f9d903e24ad1ac45967795f5849cdd6de7fe1208cdd4','2020-09-04 03:38:14',0),('3ae7f97d4f49ed7f77700303f371e53ad3968016df68ba2114be7e023ff21a9a14321b9dc22fe52b','d0f3ca0add5f19893c0fe3f1b7f73fe55e81d94eddc80e630f6e935e7d84ed6f844c5425cfebdd50','2020-09-04 04:37:39',0),('400dbf038da6742ea1e3882a48f124acbd6405f5a72ea52fdfeef18668ded6dc6e2ae00c18edf358','2c4b5bae65a374e015191b7bf25a1831b29b0a019bcd59442a90b9cb489d37ca6d21a191f4151406','2020-09-04 10:58:54',0),('439807875cce903cb461565b94453dafeb355dbe0b96d450f0cc7b002c73b93ce85b94320ca8a237','8400481f25c260278c1b29cb72eb52d06abf2bc6fc5cefa4abf80512f62fe4ea99576df250682e0f','2020-09-04 08:43:21',0),('45b4a2a64a08a32c37fe1aa9faf9156d7eb49674bbf8955e660471fb5796bdd65b91adbada431ec9','2e3f48b8446418ef5e6515c9dd942781af06927bb00a59130a075751d0b33bd5df2b1e4dcf9b6b39','2020-09-04 04:00:57',0),('4919c0acebacb0ddc518c5e299b03ceae670e604dad4c33c3a211f9de8bd2a46d1c43874f80a645c','1763a6297e7473d09ac7f4bb3663e5bf53a3cce2ccb5387938ce069a2ac7e33edee55b741825c29b','2020-09-04 03:35:50',0),('4b7277c88851c362d60855c3acc2775e211a4abca89000178c2b0ea8e9075ee45db7a1f2db75e156','b66857ba66a0b3018839fd1a6ada8a87d32ebfe273f475abcc6b6258a3711b42d7a78db2e48bc2a6','2020-09-04 09:12:14',0),('4c70f75c6d58bcf99756f63b9672b9e535cdd1acd53a685ff7b4f6f3b4450c3ee6b27e21ef0e5503','fde4b2aec327937068d21e5baa35b1cc83549de682dfe1320b42b39c8b19b788915cdb073e84a84e','2020-09-04 03:12:45',0),('4e12b1957367bc42a641d49b6313e23d8208f502601fe07e11eeb63ae6774c3be2b717c8c0d9ec9b','f412f0c89ea047545e88d99524c305b485cd2a4681e32d502e4142096f4646f1ffe9fca4f14fc476','2020-09-04 03:51:42',0),('51139d51e2292eafc5a3209fb43d995bca02f2ae5fc9f7ad24063628c94827401d956cdfbb8dc6fd','3e5a6ef0c2ebc704dd8aad52e324e264bfb9dbf00a19a5265ebf484edff1f4a3c5afaff8c571ae8c','2020-09-04 03:29:07',0),('5297c2bd3f61bbaf6630a712d8c47b0bc82502374b3125cff180dbdb8be3df472f8fe6d6c011bc17','5623f25f671653fe5e801554ed1f7110fe5ecbb5a4a98f95487ff4fa627e277bdbabc7bbed9a4eb4','2020-09-04 04:57:33',0),('53198d21f816f36db37fb650333de23845805b0c4e63b6d2b1dcded1fdde66930a12756b9d8df9e3','6ee56824f965acf594cfd283d954b156b5171bec8921a12917ad603654bc9a8c62243718ca99853a','2020-09-04 03:39:24',0),('533f2f9ac8499df53b9fcf74ff6766f284274558b16ca2d3a50557f2194fbf9e57db11da7c2cdb63','3e12b1577fc9a5720e5755000038d919affed65aca519cbf935339b2136622ea74b78e4194f3bc7d','2020-09-04 04:15:14',0),('5d7b66a0a586ecee6579bd953f0a7a4a560dcd0b2ad0aad1d356309392dfd992a58a8a1822671780','48576a2977192e4e8009e0391b74d73d0ee1e8b4b2ebeef1aceecb759850cf449911e5ffed22afe8','2020-09-04 04:55:38',0),('61de783c68aee32cfa677817cc2936324c673b3cbe4519cdd8ae2d7e79991a494dd1e5956e653071','115ac66585048e6ea31079450c68c2f946b1a90791d01c914acee3b830d4dcd2654af04f47fd71fd','2020-09-04 05:23:39',0),('627d9b8754c031b0882cdceeab3a561624ab88c8a881a6ed14a5627c9fa5743248a0a17fd8dccfab','cbbd85e4746993366052f68cf3c0d27d68a85e3b06cf554d2582a5bdf9dd828ee65ceac3cc74279e','2020-09-04 05:00:09',0),('65913ee922c3414d60aa3887105a56948acf8416abe97c7dbe3c1478fcd57455c82027a1cefca71c','874af590af235e043a0bb0601f768cc3b5a498b7e0ac78e87e469417d3380bc7c594e60a90038e5a','2020-09-04 03:45:11',0),('678a435666ed19bf01cbdce0e75db92276cfa82aed39d710935d8488815da3f90979962f5d5b2866','446eee31301450a859669567ee63e1fabdae57a84dca2c1484d6824063894218ea2cca5cafaa0ad8','2020-09-04 01:54:22',0),('6a3074e4cd609ba72efaf5aa2e3400f591c659a2ba68c00a3d6b3db762bea39904e6bf5b205f0408','23098142d2419b5c2919cc749a27f26307de2a97eb3c243bf0be7a1ae3772a1c9ca8dbc4b9b7bb7c','2020-09-04 04:47:11',0),('6d993f3da9bf21c543a79add0efcbd989f0610742a887addbc18dbd91164d21d3e19359c780e1841','398ccde4dec28e1e5f289599bac23bf62a995f52bdd006e42c5ebce5b78594c8a0fe4670e3c50e08','2020-09-04 04:06:09',0),('70102b21a3262f526b717f9aaca1a0669690171506ff14b0c455efce35415609536c355d46ced6a1','16d9e4179ac3977ea56f3123b9d84a6c2bceaf408e8767c05d94f91e32554f3425b70f2ac87ee79b','2020-09-04 05:23:46',0),('7429431582e834768fabefcb50c00a844b7f0ae739e993456aec518d3b5c23bec567ca1d37a3e4c2','4c96db2494f5a0a0e2e09469888f71b5f81c5d1f144396066b4d3e1d93ce92f0a4d815c14d3e9a2b','2020-08-31 01:18:28',0),('79c01448a9ffcfd5e9c6eeb38dc89a5c5988c6a2d4e9805a00221521d1fe136b63cd2394d9f17c25','e800377adbf673a4883cf903b8629f032a3928de9c119ebc3e1bb01a9eb34b61f9c713f3548f34ef','2020-09-03 22:28:55',0),('81a735f8c7d50c765c085c75e43c60221bb1ef9f5b488aee3690c90ccf966cedd573bed692c749aa','de678359b512ce9ad90fdc083b7b325c0516f222e55ff42d09cf6d98a2cda9e739bae14da6325c64','2020-09-04 09:31:01',0),('8341bdf4838573f97cdf0814e43f48077bb3d684904c45649c712dfdce25358945c4794af0271b89','e4762d73333ade9c791588a5c193f8f52f706ecc25ca6ae6cab850054124cfcc7766ea4387f12dd9','2020-08-30 18:05:03',0),('86b36d3bc265e8935255dd07c5b46c70cf0b9003707df1c79399d0daa5613d4efaa64e8ef49669bb','6261c096e6d76a66a37e60ea3a7993e5115fa7710955be8f0ca6d4378ff272cc3c0db105d02e59ae','2020-08-30 17:20:36',1),('886a826e7b4a5d61ced66ece0b41d9fa63a1b62e47a2e063e649dd7e178f9a994d1e506d9682d2ca','091c19586e81c1d036bc86b3077dbf93418037fc3b3173d62d5f80650f4e89aa968171497da11f86','2020-09-04 11:22:22',0),('8a54939000b06b4b1d6e214214fa2e2a6acf6f9d9bfdae4e09a97a61d44160e7cf3e392e8b532d2c','d338e885da84e05d18d85a1b836808d941db7e33396d4e688f42034e78307535fd3d8e169be258d5','2020-09-04 04:08:25',0),('8dc3554b94056a222050abb6c9721049e21ae3813e2bb0e7788a635459a4c9d888635242146fe50b','359db0de6090e43a709fb653964702a6e99fcc18e0af67bfe3436acaef5c2fb6fb04a237c3317c0f','2020-09-04 03:55:43',0),('9261a8d85c47b539a1dc636a3f21e6519559bebb1af105bda6ac55befc6dbb6ff9b2e1d2225200b9','3b77553d9283209bb46239df3c0c428ebcdce429f4bbd5b705df356bb6050b0653615c9d995d46cf','2020-09-04 04:58:11',0),('938a529c8d8c3d503902c0614d539e9f83ddee7eb80a1860a636e2361b5b425f542d4aa9126b3d8a','d66a20d8809ae7e0889ae3d9cb846a977cba6af2af86483524933c15e5ee59c0d2829eae3ffe0cbb','2020-09-04 05:00:02',0),('948857a925df9668313c5b372d944ffe8f951e51c7b254ff60388e25a4ac43d85bbc4a699695b664','e74fa2f34ee16e7528e6b8f4b05b4d948a5d2f566b59fce5a372ef02ff94c08217462531b46a07dd','2020-09-04 04:06:13',0),('a0b812b4ca8951760d6f32c717445164b1490251377d7d599adfb87a1e55eec33acfb29c8e65922b','068a4df06070a35ed7c15441811edda97cb1d41d7d9e65248a7afee149de13dd4ee97d7f72056fd0','2020-09-04 04:45:29',0),('a2501bd65868eb1a083e700fda778fd137ad7c8c4944252ef2df6ae8adc33ae8b366346a9e8afc77','33ecb4667b8bcacf0a38769fb3a17a509ca5bd49c770103047f83e42ec8bffd3e14b9ab93be4f324','2020-09-04 04:09:31',0),('a548ef90573b6d482eb01ce7f0d3fcda7cf681de003cb58d88e8fb969695de4409e2e4f242fb79d1','ef8a703be9d744fdb81a354166a9c9ebf74f5dc694e2faae8aed80fb772c68920580a5cd9ca53439','2020-09-04 08:55:04',0),('adade3d7e19deaddbece01cfb233b1d46096bfdb56281fa8f742636374e37c4e74cf0964cd3e8c10','ed6f4c9ee5a45fba065862268181ccd5dbbdfee6303a66fc0cc4a1f823dc3169d13bfe199798a3b9','2020-09-04 09:31:21',0),('b2bce381e827fd5a84650c23eb3d95418b4984ad6831006d3f24174ae0a5a37b36edc355609b9010','200469d87bdece6e948d2fa7a3253350f0f1f74f4a3a1d565fdf45d5694ef9c21950f925ba6511d6','2020-09-04 03:25:51',0),('b39f1d4f348b01ff4778c0c287ce2523ed643be15cf8c69d215a93c3f27194e575f25e7161e4b5d4','96d24a6a14972f1a05dcc92c7afb0a21d97c87658085042a2d2edd2e9179aec059d47a3b8e3d3b0b','2020-09-04 03:52:32',0),('b3b83a8ce937856e64b51843472d4a9b8858669eac3684380792b20ed1c302c29ffbd9d1c22f3f34','037bcf6c04cee521d282a06036a818041033fef22bcc0d5673929885574e056a019ebb1ef60c63ef','2020-09-04 03:23:12',0),('b58f71563793f9877089706fb535044a0cf41c84a5098f0cb54788f67a459a066b366324b677e978','49e15be05cd9dfb8dbf543bdcab1157eb7867d05a35f5f1f12ac13d870fb62de2e7cdc98d3753a40','2020-09-04 03:44:02',0),('b6ea33ab8b4799f9072289b1db02ad4401c27d66eaf89971d360647671ce248d69db2d8a2c17469e','3bac9ef5c715d3ffe42dce6aa9360cf93c7bbb3bf08c28cd8c5d5284d7f73d0a20db49a223d59905','2020-09-04 04:38:10',0),('b9206b9bf5e4e1f4b389824fdf7ff7fa5bef013d54e2883680ad21c6dc05ce0c4dcbbe4ba06531eb','7a69a9627481c56325480cf614a71b1c34eb140816ebe224d071a953498193f57a7ff8a26414f2b2','2020-09-04 04:48:52',0),('bcfeffdce373f10b4ee23426e3f14c67e86cb6c3fb45c9e97dae0f41189ced2099a0e752783c913e','8f28372968d8b0048a45c89a3270db3744bb0c8bda2d10c4a0991fc7a66f85a1a2f0ea33929b96db','2020-09-04 09:15:12',0),('c170a39d90615d7c3c89a5918ea5eefcff04878daadae3dd9d7546797b5bd972db8e7269039de845','009d05162f691884b9db5518402292bb7ed14a6ccf20297284b993cc67966507aee8885a43a5d66b','2020-09-04 03:55:53',0),('c27e7cae5013a8486b4c390cdcca8e8091028ae0416618c9354c42697c35b682884542ed60276828','50dff4199b6bcdff611dfc4599791d4144a15533d8275e88da1bc51439b6d674467f3d5a0423e26c','2020-09-03 23:07:40',0),('c4b5ef0482e24266b19ba392413d1cbc5c1e04794d531eac2dc865362ef181df8592665c2bbb3f4f','722d871320463db393f3cb046cb13687d514318019fe1f54b5989cccc2b71538736d403962c02706','2020-09-04 10:33:46',0),('ca934bec7cc1fe5396ef1f5b9f670594983c181599b9b4c6a651b6da616ba0b626c6a1c392f9051e','f0e667a4ee2fa38f53c8879d40549f7ce1319963d2ba04f60cd7f609b07752a85e8285c698f413d2','2020-09-04 09:12:36',0),('ccc42cfea9cf4cec4f8cad56861558da9426d98fa8058c62f80c0b79f8b3c71a7b6f9f03e83c61ed','3ca57e3c9d4336570df627ac7ef6cc8fb2e0b4e1823b1f22c79c24bf6ec636457df26e96ead210e2','2020-09-04 03:15:57',0),('d03c82269b660771957a700820a58193d36d5aa1f9eab3c28a634ba63b69293d80d4059ba51e09f8','c5b83b1003fd8b2cc5965b5dde4c997277ee1059e5798eeaca9782b6e2dc01edc5c72cbeacfda260','2020-09-04 04:00:01',0),('d2e782a62e2cc0aad694bf8327781959761149c374b006219fc581f7f0231740e40fbfbe3eee25d0','b7c24773067b29d6db205a4fa1bb3919ee0622801a4c64439c08e52c1ccd9701dcd6af835fcc2732','2020-09-04 04:58:34',0),('d3f41f50c82f90b29de774aa80eeee9c15d95fdce31e6891f4a4af35e37711904f1ddadfda7591f0','bedbab3fdbec2ad8aeaf9a9964a13c35cb8fbc4ec4c07a39651eff929889577c2934dcd0faca2283','2020-09-04 03:48:19',0),('d488772fc09b980d78a02b828476cf77134fa08af77e76e7e142d6af0a150b85d76c2b063ced20aa','8ad47901eb8bd6eb346a2efa548b300fc09a2fc9e744ff4dc428aeea1fc4dbbd5e773df1764c8000','2020-09-04 03:59:39',0),('d5027eb5cf43d86032b119d344fe256bde19abe43ee0083bbc9095794c5cd1f75fac83d58bc8aa84','bab28c547bf6e8c1d3af2bfadfc428b1c20bcb41657bfea87dab937d13b0180037b392eadca345e8','2020-09-04 03:26:07',0),('d96169c6990f48ba86876cc9880d88c49a361a0707b33636b2616dacf23239a47ff19273ac14cf95','96d3c32aa6af644908b159cbe1ea076a5ef6eddd2734651c9b4d567a18d38249c2e6b8d7e2742365','2020-09-04 04:27:26',0),('dab6bac3fb6455bf407a052387bea3501cda46c77d580b841cca18e1dad899510b02bfa36963c323','4172e177ce32814ed46cd11c96e96e054ab67a5e82f3725c63696f611bf4b95c9ec564d2a7da1667','2020-09-04 04:36:21',0),('de66e2c936217742d7ea45e3a590130b0c0f760fc3adc5d458f12786e346e49e4c94851a1eca457c','a5b57a6194532084b6a20f9774fa38a742df68aa5e895c686f8e6997091523eb7892fd350ef62169','2020-09-04 04:31:16',0),('e3d6feefc3ede204d2b6bd942f448da83e65f10fe08fac18727a8759810871bbafdbf83c9acddb9e','57f7a503dfc9aa970cc2315516957c99098bb9b411698f8facf24beb9e9c31f5b8d304cf47767074','2020-09-03 22:40:55',0),('ebf6524ff35fc9202e5debb9886a88e93a3d7eca92589fc424603b047bcadb6adad695076409968a','04a5a01d4a4b15f66d5ca394f024b195619874d5740a125cc5a532ab07edc42f4a24901470b55075','2020-08-30 18:08:29',0),('eec52f4837d1cc2c201a2e319d0f80293314498a31f0083de06f72200c65d54321e4a2a230a8301f','92a0bfd053b23939dd6ce4c4101861f2a2ea9532f661bb6a6b56ff3a2d84723606fff8cf5f1befce','2020-08-30 16:14:16',1),('f6e7da6f72b83aba17c7dc0592e375ba387a8e49d26daea2ef0637c47b7585f67b634b673f635cb4','1895447175ed532d429680ff889919ce77073490af1ff10b67d44067d6e4e5f2b3a874e8f82e7a85','2020-09-04 03:44:57',0),('f75ef2e96f1c0ab82f00daf73ec92b94f3ac14395574df36c6b33ff2cc8f05f43894376395ac2d0c','1bddec6907b36454af39ecf84fa822aec07b2d6bea431b828ccfafb33bca786b57cb2d0d3cbca83c','2020-09-04 11:20:30',0),('f801196fd9926485905543eafff04a64d929fae554abc4f270eec45b9ee10a82e767ff85c7f5aa18','71003d2a35ce1464bdf98efdcb3faba484c0e60306eca9d5d0d3662ddcd0d6da4dd5061c74c5f041','2020-09-04 04:47:28',0),('fa19b5c6643c3dcb54027ae189079cc5dd719d5f8e3932bb01d0364db030ea090bd1988bb1e3a94c','2cdba75afb199eaf00575b3995ffcbe4917fb7a2d8a752b084a3b4b60dc0408de1f722d043d658e6','2020-09-04 04:54:58',0),('ff0a3c8369152b25a4e29a17247e32c7f07d89f616d212fabcc51d046b656fce47e5e685188b7f88','e5188f89a92068bf5ae14752467adc8b144b99900693bb39e83dad4f6a84de34b9a57c7c41bb41fe','2020-09-04 04:17:01',0),('ff290710b8cd1d999c8434e69188d838b72afa38baf3e48692789fb5bee6972f3fc142d6cd539633','3e3aded74f6676f76c0a6b5bfc2bd80f3c9d1ac7c812854d68da58cd5e484ebd589be5db79a79512','2020-09-04 09:06:32',0);
/*!40000 ALTER TABLE `oauth2_refresh_token` ENABLE KEYS */;
UNLOCK TABLES;

--
-- Table structure for table `user`
--

DROP TABLE IF EXISTS `user`;
/*!40101 SET @saved_cs_client     = @@character_set_client */;
/*!50503 SET character_set_client = utf8mb4 */;
CREATE TABLE `user` (
  `id` int NOT NULL AUTO_INCREMENT,
  `username` varchar(180) COLLATE utf8mb4_unicode_ci NOT NULL,
  `roles` json NOT NULL,
  `password` varchar(255) COLLATE utf8mb4_unicode_ci NOT NULL,
  `created_at` datetime NOT NULL COMMENT '(DC2Type:datetime_immutable)',
  `updated_at` datetime NOT NULL COMMENT '(DC2Type:datetime_immutable)',
  PRIMARY KEY (`id`),
  UNIQUE KEY `UNIQ_8D93D649F85E0677` (`username`)
) ENGINE=InnoDB AUTO_INCREMENT=3 DEFAULT CHARSET=utf8mb4 COLLATE=utf8mb4_unicode_ci;
/*!40101 SET character_set_client = @saved_cs_client */;

--
-- Dumping data for table `user`
--

LOCK TABLES `user` WRITE;
/*!40000 ALTER TABLE `user` DISABLE KEYS */;
INSERT INTO `user` VALUES
(1,'admin','[\"ROLE_ADMIN\", \"ROLE_OAUTH_ADMIN\"]','$2y$13$oRA17SPRV3GlBn5SUXBuCOUxuGtU.r.yWoWlWdxO9OOrmTWwPfqr.','2020-07-30 15:56:58','2020-07-30 15:56:58'),
(2,'test','[\"ROLE_USER\", \"ROLE_OAUTH_USER\"]','$2y$13$oRA17SPRV3GlBn5SUXBuCOUxuGtU.r.yWoWlWdxO9OOrmTWwPfqr.','2020-08-04 06:48:24','2020-08-04 06:48:24'),
(3,'test2','[\"ROLE_USER\", \"ROLE_OAUTH_USER\"]','$2y$13$oRA17SPRV3GlBn5SUXBuCOUxuGtU.r.yWoWlWdxO9OOrmTWwPfqr.','2020-08-04 06:48:24','2020-08-04 06:48:24');
/*!40000 ALTER TABLE `user` ENABLE KEYS */;
UNLOCK TABLES;
/*!50112 SET @disable_bulk_load = IF (@is_rocksdb_supported, 'SET SESSION rocksdb_bulk_load = @old_rocksdb_bulk_load', 'SET @dummy_rocksdb_bulk_load = 0') */;
/*!50112 PREPARE s FROM @disable_bulk_load */;
/*!50112 EXECUTE s */;
/*!50112 DEALLOCATE PREPARE s */;
/*!40103 SET TIME_ZONE=@OLD_TIME_ZONE */;

/*!40101 SET SQL_MODE=@OLD_SQL_MODE */;
/*!40014 SET FOREIGN_KEY_CHECKS=@OLD_FOREIGN_KEY_CHECKS */;
/*!40014 SET UNIQUE_CHECKS=@OLD_UNIQUE_CHECKS */;
/*!40101 SET CHARACTER_SET_CLIENT=@OLD_CHARACTER_SET_CLIENT */;
/*!40101 SET CHARACTER_SET_RESULTS=@OLD_CHARACTER_SET_RESULTS */;
/*!40101 SET COLLATION_CONNECTION=@OLD_COLLATION_CONNECTION */;
/*!40111 SET SQL_NOTES=@OLD_SQL_NOTES */;

-- Dump completed on 2020-08-04 12:38:42
